entry_time,exit_time,side,entry_price,exit_price,size,pnl,return_pct,bars_held,exit_reason,leverage,margin,is_liquidated
2026-04-04 14:20:00,2026-04-04 14:29:00,,80.11601999999999,79.99400570310345,16391.52173860335,-2524.4893933761523,0,0,止损,1,0,False
2026-04-04 17:36:00,2026-04-04 18:02:00,,80.893818,81.04942939147753,12460.555784856391,-2342.972798770268,0,0,止损,1,0,False
2026-04-04 20:02:00,2026-04-04 21:07:00,,80.763844,80.9290447633771,11404.796650570435,-2253.272832295328,0,0,止损,1,0,False
2026-04-05 07:47:00,2026-04-05 12:21:00,,79.64592599999999,79.64592599999999,7212.539646949432,455.89759865102127,0,0,保本止损,1,0,False
2026-04-05 16:19:00,2026-04-05 16:54:00,,79.71594,79.48498390639558,7989.774915241339,-2099.314055424192,0,0,止损,1,0,False
2026-04-06 02:24:00,2026-04-06 02:32:00,,82.33353,82.73906586723679,4434.146935028574,-1944.9564928811146,0,0,止损,1,0,False
2026-04-06 04:50:00,2026-04-06 08:25:00,,82.003596,82.003596,3747.7932126759742,632.6781913376502,0,0,保本止损,1,0,False
2026-04-07 01:18:00,2026-04-07 01:51:00,,80.026002,79.64600134205234,4682.187494716117,-1928.401333221598,0,0,止损,1,0,False
2026-04-07 05:38:00,2026-04-07 05:42:00,,79.795956,79.62798621459822,10345.126796697425,-2067.1733735777507,0,0,止损,1,0,False
2026-04-08 01:18:00,2026-04-08 14:09:00,,84.563084,83.46,1792.187419313114,2701.680301710485,0,0,布林带中轨止盈,1,0,False
2026-04-08 19:36:00,2026-04-08 22:21:00,,83.046606,82.76046025426598,3070.151488449462,-203.9725288172608,0,0,止损,1,0,False
2026-04-08 23:11:00,2026-04-09 00:39:00,,82.56651,82.19470555284464,2372.7340394569483,-156.72669503692998,0,0,止损,1,0,False
2026-04-09 02:19:00,2026-04-09 02:42:00,,82.36646999999999,82.07840384075125,6158.955322139465,-1976.393493500402,0,0,止损,1,0,False
2026-04-09 13:28:00,2026-04-09 13:33:00,,82.276452,82.1098472897931,10387.463843872401,-2071.7656314725764,0,0,止损,1,0,False
2026-04-09 19:56:00,2026-04-09 19:59:00,,83.91321400000001,84.24105141969999,5131.592186884799,-1855.2442300129812,0,0,止损,1,0,False
2026-04-09 21:54:00,2026-04-09 22:11:00,,84.313134,84.57708375998324,6220.040472316323,-1852.2073433609276,0,0,止损,1,0,False
2026-04-10 01:22:00,2026-04-10 01:23:00,,83.023392,83.12,3792.067687409013,-492.4227416161976,0,0,布林带中轨止盈,1,0,False
2026-04-10 15:57:00,2026-04-10 16:19:00,,84.103176,84.6812752268153,2747.229926910682,-1681.2270700517374,0,0,止损,1,0,False
2026-04-10 17:29:00,2026-04-10 18:15:00,,84.673062,84.92636159904431,6129.889486567286,-1760.9342335727897,0,0,止损,1,0,False
2026-04-10 20:07:00,2026-04-10 20:31:00,,85.252946,85.54839279557241,5122.16613969215,-1688.6048047146087,0,0,止损,1,0,False
2026-04-11 19:21:00,2026-04-11 19:30:00,,85.52289200000001,85.96438757025477,3343.3224197222826,-1591.0247039453402,0,0,止损,1,0,False
2026-04-11 20:20:00,2026-04-11 22:16:00,,85.46290400000001,85.8085499361338,4171.766390408156,-1585.1433891974068,0,0,止损,1,0,False
2026-04-11 23:42:00,2026-04-12 01:34:00,,84.923012,84.13,3451.219779745331,3207.4640309336783,0,0,布林带中轨止盈,1,0,False
2026-04-12 05:22:00,2026-04-12 10:54:00,,82.326462,82.02960355398123,4980.804116452417,-1642.02312475503,0,0,止损,1,0,False
2026-04-12 22:01:00,2026-04-12 22:02:00,,82.153566,82.09,2011.1216678216165,61.801768852147134,0,0,布林带中轨止盈,1,0,False
2026-04-13 00:04:00,2026-04-13 00:55:00,,81.626322,82.13,2743.0748942141718,1922.8532370950645,0,0,布林带中轨止盈,1,0,False
2026-04-13 01:34:00,2026-04-13 01:35:00,,82.17643199999999,82.24,6790.851474778888,208.28899643444262,0,0,布林带中轨止盈,1,0,False
2026-04-13 17:39:00,2026-04-13 19:23:00,,83.50329599999999,83.50329599999999,1937.1188229099193,615.6882492536349,0,0,保本止损,1,0,False
2026-04-13 21:19:00,2026-04-13 22:06:00,,83.863224,84.16574417370464,5001.066268897308,-1681.2908220487107,0,0,止损,1,0,False
2026-04-14 00:47:00,2026-04-14 10:35:00,,85.892818,86.44790829890486,2658.9230230111275,-1567.8857090751007,0,0,止损,1,0,False
2026-04-14 11:28:00,2026-04-14 13:02:00,,85.74284800000001,86.08012976799958,4277.60329546855,-1590.0442610044038,0,0,止损,1,0,False
2026-04-14 14:37:00,2026-04-14 16:52:00,,86.892618,85.06,810.9963740111145,2134.7582405542994,0,0,布林带中轨止盈,1,0,False
2026-04-14 19:30:00,2026-04-14 20:23:00,,84.23684399999999,83.6621280133668,2545.800555053282,-1548.3071145421272,0,0,止损,1,0,False
2026-04-14 21:52:00,2026-04-14 22:20:00,,83.776752,83.53279105822722,5863.358796083429,-1626.343623929311,0,0,止损,1,0,False
2026-04-15 00:04:00,2026-04-15 00:18:00,,83.986794,83.64937851896009,4131.3277974782695,-1532.2071572065547,0,0,止损,1,0,False
2026-04-15 17:38:00,2026-04-15 19:07:00,,84.813034,85.20077523648813,3508.9226244932565,-1480.139168302844,0,0,止损,1,0,False
2026-04-16 00:47:00,2026-04-16 00:52:00,,84.83303,85.04178968610081,6364.113778958516,-1545.056645016722,0,0,止损,1,0,False
2026-04-16 22:53:00,2026-04-17 05:59:00,,89.05218599999999,87.41,2895.6787688254103,5197.785765227054,0,0,布林带中轨止盈,1,0,False
2026-04-17 13:03:00,2026-04-17 13:08:00,,88.63227,89.14042273565833,2763.058546602318,-1502.5758419950935,0,0,止损,1,0,False
2026-04-17 15:26:00,2026-04-17 16:07:00,,89.66206400000002,90.26128869943172,2289.7004654387533,-1454.71359908964,0,0,止损,1,0,False
2026-04-17 16:16:00,2026-04-17 16:23:00,,89.99199800000001,90.43256580034871,3044.4994073338135,-1451.437164245122,0,0,止损,1,0,False
2026-04-17 16:33:00,2026-04-17 20:31:00,,90.041988,88.61,1066.877171826286,2106.8213435588077,0,0,布林带中轨止盈,1,0,False
2026-04-18 01:01:00,2026-04-18 01:02:00,,88.78224,88.88,3446.582201698474,-459.47076647280574,0,0,布林带中轨止盈,1,0,False
2026-04-18 11:52:00,2026-04-18 18:30:00,,86.62732199999999,86.23374591749393,3433.61173897506,-1469.8247379838585,0,0,止损,1,0,False
2026-04-18 21:43:00,2026-04-18 22:02:00,,86.25724799999999,86.11041401333483,8987.097848159105,-1629.1644921883926,0,0,止损,1,0,False
2026-04-19 04:50:00,2026-04-19 07:09:00,,85.5171,85.0967159247813,3046.800705906442,-1384.5355907881585,0,0,止损,1,0,False
2026-04-19 09:29:00,2026-04-19 10:00:00,,84.876972,84.5567628674112,3906.9821235666946,-1383.1960612070989,0,0,止损,1,0,False
2026-04-19 11:05:00,2026-04-19 12:02:00,,84.936984,85.69,3058.9433368972745,2704.7810851020768,0,0,布林带中轨止盈,1,0,False
2026-04-19 14:03:00,2026-04-19 14:22:00,,86.192758,86.47087812790268,4605.193477896939,-1440.0830486823477,0,0,止损,1,0,False
2026-04-19 16:54:00,2026-04-19 17:04:00,,85.842828,85.57,2818.562689712339,672.5090577653756,0,0,布林带中轨止盈,1,0,False
2026-04-20 00:24:00,2026-04-20 07:20:00,,83.83676399999999,84.92,1473.5457730767073,2126.644644411737,0,0,布林带中轨止盈,1,0,False
2026-04-20 12:06:00,2026-04-20 12:07:00,,85.297056,85.28,2864.8496454635665,-146.58862665907012,0,0,布林带中轨止盈,1,0,False
2026-04-20 16:26:00,2026-04-20 17:11:00,,85.44290799999999,85.73525003302856,4472.890968901378,-1461.0078095994759,0,0,止损,1,0,False
2026-04-20 18:48:00,2026-04-21 08:47:00,,85.75284599999999,86.21519483025796,1379.1929223307693,-94.61577461833635,0,0,止损,1,0,False
2026-04-21 09:27:00,2026-04-21 09:28:00,,85.622872,85.59,4328.689922325911,-5.904333054063073,0,0,布林带中轨止盈,1,0,False
2026-04-21 12:40:00,2026-04-21 12:41:00,,85.35292600000001,85.42,2162.5413620335075,-218.94001257497686,0,0,布林带中轨止盈,1,0,False
2026-04-21 16:43:00,2026-04-21 16:59:00,,85.892818,85.69,2797.5320855633145,471.5016527650338,0,0,布林带中轨止盈,1,0,False
2026-04-21 22:36:00,2026-04-21 23:07:00,,85.207038,85.69,2604.112899594911,1720.3837531164704,0,0,布林带中轨止盈,1,0,False
2026-04-22 04:12:00,2026-04-22 05:16:00,,87.162564,87.35751072658444,6790.726109653337,-1561.118197794497,0,0,止损,1,0,False
2026-04-22 06:35:00,2026-04-22 07:52:00,,87.922412,88.22621672506945,4239.145013840487,-1437.4737761473941,0,0,止损,1,0,False
2026-04-22 11:08:00,2026-04-22 11:18:00,,88.262344,88.4522931817852,6613.037609824746,-1490.11641969549,0,0,止损,1,0,False
2026-04-23 04:32:00,2026-04-23 05:33:00,,85.96719,85.71140099393803,4776.082115146905,-1385.4151728443308,0,0,止损,1,0,False
2026-04-23 18:36:00,2026-04-23 19:01:00,,85.607118,85.2152419191542,3038.400047810601,-1294.2435008262635,0,0,止损,1,0,False
2026-04-24 09:58:00,2026-04-24 11:05:00,,85.41708,85.96,2237.5837378333767,1642.563475628563,0,0,布林带中轨止盈,1,0,False
2026-04-24 12:50:00,2026-04-24 13:01:00,,86.13277000000001,86.44746072561671,3821.521007579429,-1334.741533720569,0,0,止损,1,0,False
2026-04-24 14:25:00,2026-04-24 14:26:00,,85.702856,85.79,2847.229785623645,-345.82452976187415,0,0,布林带中轨止盈,1,0,False
2026-04-24 16:41:00,2026-04-24 17:11:00,,86.112774,86.4991658516917,3013.522415528472,-1268.6673763379206,0,0,止损,1,0,False
2026-04-24 22:30:00,2026-04-25 00:27:00,,86.322732,86.05,4227.999962673742,1430.2970825254863,0,0,布林带中轨止盈,1,0,False
2026-04-25 08:00:00,2026-04-25 08:01:00,,86.322732,86.36,8023.45437836689,-576.1803058192623,0,0,布林带中轨止盈,1,0,False
2026-04-25 09:58:00,2026-04-25 11:24:00,,86.642668,86.39,4268.641506879607,1358.8872317745154,0,0,布林带中轨止盈,1,0,False
2026-04-25 11:46:00,2026-04-25 11:47:00,,86.262744,86.26,5766.337499104187,-183.13887897159083,0,0,布林带中轨止盈,1,0,False
2026-04-25 18:48:00,2026-04-25 19:00:00,,85.827162,85.67115059667815,7520.490697641005,-1430.99794385534,0,0,止损,1,0,False
2026-04-25 19:23:00,2026-04-26 00:00:00,,85.71714,86.17,3036.1609444758074,1735.7264618268596,0,0,布林带中轨止盈,1,0,False
2026-04-26 00:34:00,2026-04-26 00:56:00,,86.11721999999999,86.00739446564573,10738.46432370495,-1548.7925173126891,0,0,止损,1,0,False
2026-04-26 18:02:00,2026-04-26 18:12:00,,86.48270000000001,86.5726732758187,12681.361084273309,-1580.1273305283503,0,0,止损,1,0,False
2026-04-26 18:27:00,2026-04-26 19:15:00,,86.692658,87.02088668873265,3353.1721723073347,-1217.3257114729174,0,0,止损,1,0,False
2026-04-26 19:25:00,2026-04-26 21:33:00,,86.68266,86.53,1950.2768432680546,230.22628079410214,0,0,布林带中轨止盈,1,0,False
2026-04-26 23:30:00,2026-04-26 23:31:00,,86.53269,86.67,2788.8312805897344,-479.6176259732596,0,0,布林带中轨止盈,1,0,False
2026-04-27 13:37:00,2026-04-27 13:47:00,,85.297056,85.06798745877818,4652.163728244369,-1223.9644410301953,0,0,止损,1,0,False
2026-04-27 17:24:00,2026-04-27 19:24:00,,84.50689799999999,84.23943001402755,3880.8777027989636,-1168.7797132281808,0,0,止损,1,0,False
2026-04-28 06:05:00,2026-04-28 06:25:00,,84.28685399999999,84.05182316460711,4305.865907030124,-1156.7776131342796,0,0,止损,1,0,False
2026-04-28 06:30:00,2026-04-28 06:37:00,,84.246846,84.00779024554335,4124.444893907288,-1124.5664864385822,0,0,止损,1,0,False
2026-04-28 08:16:00,2026-04-28 08:42:00,,84.09681599999999,83.88060815926995,4443.415100325654,-1109.787728676404,0,0,止损,1,0,False
2026-04-28 10:19:00,2026-04-28 11:15:00,,83.776752,83.61744392344453,5872.370274412993,-1131.929050085659,0,0,止损,1,0,False
2026-04-28 12:34:00,2026-04-28 13:10:00,,83.426682,83.2226461285172,2227.4065848468595,-148.66011267097997,0,0,止损,1,0,False
2026-04-28 16:21:00,2026-04-28 16:35:00,,83.606718,83.41168320344666,4668.8820607243815,-1066.3701873902955,0,0,止损,1,0,False
2026-04-29 07:46:00,2026-04-29 09:20:00,,84.713054,84.713054,2744.866172883287,257.22856171624227,0,0,保本止损,1,0,False
2026-04-29 10:58:00,2026-04-29 12:14:00,,85.13297000000001,84.34,1512.2008997825449,1544.084588224603,0,0,布林带中轨止盈,1,0,False
2026-04-29 13:05:00,2026-04-29 13:06:00,,84.113174,84.2,4856.129688345941,-585.192764223826,0,0,布林带中轨止盈,1,0,False
2026-04-29 16:40:00,2026-04-29 16:51:00,,83.26665,83.00627987237121,3519.385721651178,-1033.1953559973379,0,0,止损,1,0,False
2026-04-29 16:59:00,2026-04-29 17:26:00,,83.146626,82.94209007030005,4367.6170931876995,-1038.2383388628139,0,0,止损,1,0,False
2026-04-29 21:12:00,2026-04-30 00:39:00,,82.796556,83.81,1395.3250563924807,1755.7540701410112,0,0,布林带中轨止盈,1,0,False
2026-04-30 19:46:00,2026-04-30 19:50:00,,83.143368,83.09,5452.964627355676,109.77908387788008,0,0,布林带中轨止盈,1,0,False
2026-05-01 04:29:00,2026-05-01 05:07:00,,83.713254,84.03683642430076,2810.006663094046,-1003.726396464292,0,0,止损,1,0,False
2026-05-01 05:18:00,2026-05-01 08:15:00,,83.993198,84.25458594459079,1697.3092683996317,-114.04994675834033,0,0,止损,1,0,False
2026-05-01 09:17:00,2026-05-01 11:21:00,,83.9832,84.15513549513703,2589.5948269016776,-173.98596821331918,0,0,止损,1,0,False
2026-05-01 13:19:00,2026-05-01 13:53:00,,84.443108,84.63651747931426,2302.6163702112112,-155.5520662658506,0,0,止损,1,0,False
2026-05-01 15:02:00,2026-05-01 15:15:00,,84.073182,84.35150325541318,3204.3135952948223,-999.94405004591,0,0,止损,1,0,False
2026-05-02 01:09:00,2026-05-02 01:53:00,,83.92678199999999,83.99,5036.660197522657,149.19594837104745,0,0,布林带中轨止盈,1,0,False
2026-05-02 16:26:00,2026-05-02 16:52:00,,84.063184,84.22703378881928,5305.327316139248,-1048.0175536134418,0,0,止损,1,0,False
2026-05-02 17:43:00,2026-05-02 18:32:00,,84.013194,84.16168850181157,5688.7530335323145,-1036.258571952189,0,0,止损,1,0,False
2026-05-03 01:02:00,2026-05-03 01:03:00,,83.873222,83.96,3618.458154370763,-435.52486037635697,0,0,布林带中轨止盈,1,0,False
2026-05-03 22:23:00,2026-05-03 23:23:00,,84.48310000000001,84.07,1500.393007657315,569.3571354017579,0,0,布林带中轨止盈,1,0,False
2026-05-04 08:00:00,2026-05-04 09:34:00,,84.80303599999999,84.98863441018925,4415.094836204907,-969.5277348026436,0,0,止损,1,0,False
2026-05-04 11:38:00,2026-05-04 13:00:00,,84.08681399999999,83.79885613006543,2767.935185618682,-889.8286411264752,0,0,止损,1,0,False
2026-05-05 05:45:00,2026-05-05 12:26:00,,84.90301600000001,85.14529709351159,1604.3145613816805,-108.96891589921748,0,0,止损,1,0,False
2026-05-05 13:56:00,2026-05-05 19:18:00,,85.46290400000001,86.01424647162818,1414.2185268707894,-828.3759144013001,0,0,止损,1,0,False
2026-05-05 21:14:00,2026-05-05 22:03:00,,86.58268,86.92404779079156,2232.736463490999,-839.815710384389,0,0,止损,1,0,False
2026-05-06 00:22:00,2026-05-06 00:54:00,,86.18276,86.53335515953069,2121.6535627468197,-817.278989808327,0,0,止损,1,0,False
2026-05-06 09:03:00,2026-05-06 09:32:00,,88.66226400000001,89.29001667157169,1156.5591397767241,-767.3407637744168,0,0,止损,1,0,False
2026-05-06 11:29:00,2026-05-06 14:06:00,,89.58207999999999,87.61,714.1612441269177,1712.840557650648,0,0,布林带中轨止盈,1,0,False
2026-05-06 17:47:00,2026-05-06 18:56:00,,88.722252,89.10503092225893,1958.542569765081,-819.4952125495158,0,0,止损,1,0,False
2026-05-07 04:11:00,2026-05-07 05:13:00,,87.877572,88.83,1671.8512338705914,1839.9544259752938,0,0,布林带中轨止盈,1,0,False
2026-05-07 05:13:00,2026-05-07 05:22:00,,88.847766,88.4688999880774,2038.9741129005943,-844.652309317055,0,0,止损,1,0,False
2026-05-07 08:38:00,2026-05-07 12:15:00,,89.592078,90.02956495903966,861.9178954251407,-61.776812253220015,0,0,止损,1,0,False
2026-05-07 13:01:00,2026-05-07 13:39:00,,89.562084,89.0,1281.985159156425,1008.4751972175716,0,0,布林带中轨止盈,1,0,False
2026-05-08 12:50:00,2026-05-08 13:14:00,,88.45230600000001,88.28,2367.127050912479,324.28220321271846,0,0,布林带中轨止盈,1,0,False
2026-05-08 16:50:00,2026-05-08 17:06:00,,89.502096,89.80571232582012,2596.7808818433127,-881.7073730444274,0,0,止损,1,0,False
2026-05-08 17:11:00,2026-05-08 17:19:00,,89.60207600000001,89.893113543218,2642.035717069532,-863.9319108700208,0,0,止损,1,0,False
2026-05-08 21:10:00,2026-05-08 21:39:00,,91.791638,92.27803231594673,1541.4635128546795,-806.656378833011,0,0,止损,1,0,False
2026-05-10 02:23:00,2026-05-10 02:57:00,,93.028602,92.82671695982177,3628.2728773876797,-867.2142794059364,0,0,止损,1,0,False
2026-05-10 11:09:00,2026-05-10 11:23:00,,93.78124,93.13,1341.6400232644398,1129.7898308975286,0,0,布林带中轨止盈,1,0,False
2026-05-10 20:13:00,2026-05-10 20:49:00,,96.08077999999999,93.65,648.0180446481689,1895.734000484192,0,0,布林带中轨止盈,1,0,False
2026-05-11 01:30:00,2026-05-11 03:13:00,,95.920812,94.84,720.4718633139661,1115.3600028901183,0,0,布林带中轨止盈,1,0,False
2026-05-11 17:27:00,2026-05-11 17:38:00,,97.140568,97.56714295865007,1902.2429262689652,-885.6877606273079,0,0,止损,1,0,False
2026-05-11 20:11:00,2026-05-12 01:35:00,,97.82043200000001,96.4,618.285962090055,1226.486691841566,0,0,布林带中轨止盈,1,0,False
2026-05-12 03:05:00,2026-05-12 03:06:00,,96.43071,96.5,3365.625509968658,-363.11733627050234,0,0,布林带中轨止盈,1,0,False
2026-05-12 10:08:00,2026-05-12 10:14:00,,95.909178,95.71214206178108,4128.1928393288,-971.4496210442724,0,0,止损,1,0,False
2026-05-12 12:11:00,2026-05-12 12:30:00,,95.09901599999999,94.72698416047645,2125.640389228221,-871.348105562633,0,0,止损,1,0,False
2026-05-12 13:40:00,2026-05-12 13:57:00,,95.15902799999999,94.60877768385186,1402.5648853530295,-824.8397513539969,0,0,止损,1,0,False
2026-05-12 15:06:00,2026-05-12 15:22:00,,94.688934,94.28427466088328,1863.7831132561205,-824.4874184505458,0,0,止损,1,0,False
2026-05-12 15:33:00,2026-05-13 04:01:00,,94.178832,95.57,520.0493264383762,1052.0050500257607,0,0,布林带中轨止盈,1,0,False
2026-05-13 05:17:00,2026-05-13 05:22:00,,95.220952,95.48029687088237,2944.034728302984,-875.9592304275818,0,0,止损,1,0,False
2026-05-13 12:02:00,2026-05-13 12:22:00,,94.53890399999999,94.22679815850317,2383.0327814213447,-833.5766711200412,0,0,止损,1,0,False
2026-05-13 16:02:00,2026-05-14 03:08:00,,90.83816399999999,90.19951542686367,1135.655247951173,-766.2588249016611,0,0,止损,1,0,False
2026-05-14 04:40:00,2026-05-14 06:00:00,,90.45808799999999,91.3,1541.3152174713869,1540.0184180102613,0,0,布林带中轨止盈,1,0,False
2026-05-14 17:14:00,2026-05-15 01:54:00,,93.021392,91.92,575.505542779941,963.2704313878235,0,0,布林带中轨止盈,1,0,False
2026-05-15 03:03:00,2026-05-15 03:08:00,,92.311534,92.17,3812.369379879495,399.0254535144403,0,0,布林带中轨止盈,1,0,False
2026-05-15 05:04:00,2026-05-15 05:31:00,,91.498296,91.16184091589254,2301.235129242075,-858.1761912649865,0,0,止损,1,0,False
2026-05-15 10:08:00,2026-05-15 12:06:00,,91.208238,90.97706273819566,1633.85618446941,-119.2169149846863,0,0,止损,1,0,False
2026-05-15 17:56:00,2026-05-15 18:31:00,,89.797956,89.58956917482985,1816.3445241565105,-130.4832205288378,0,0,止损,1,0,False
2026-05-16 13:28:00,2026-05-16 14:08:00,,86.357268,86.08341649821796,2768.0965377474345,-853.3622768062962,0,0,止损,1,0,False
2026-05-17 06:43:00,2026-05-17 07:25:00,,86.722652,86.96988502445507,2989.35705695549,-843.0614021833991,0,0,止损,1,0,False
2026-05-18 01:10:00,2026-05-18 01:15:00,,85.447086,85.09413057719574,2040.2933402411174,-789.5793937136177,0,0,止损,1,0,False
2026-05-18 03:00:00,2026-05-18 04:24:00,,85.02700200000001,84.68628158795549,2063.1177025558522,-772.8334203942669,0,0,止损,1,0,False
2026-05-18 04:36:00,2026-05-18 05:42:00,,84.88697400000001,84.64551557408666,1420.7130627226938,-96.48002625344137,0,0,止损,1,0,False
2026-05-18 06:15:00,2026-05-18 10:05:00,,84.836964,84.2428880284047,1158.3037012749169,-727.1519363410703,0,0,止损,1,0,False
2026-05-18 11:34:00,2026-05-18 12:23:00,,84.54690599999999,85.47,940.9310083808696,1140.839149611757,0,0,布林带中轨止盈,1,0,False
2026-05-18 19:02:00,2026-05-18 19:03:00,,84.686934,84.71,560.5148392023367,-6.063649530490862,0,0,布林带中轨止盈,1,0,False
2026-05-18 23:16:00,2026-05-19 00:12:00,,85.392918,85.57297968834062,3887.1286066832904,-832.9762106388216,0,0,止损,1,0,False
2026-05-19 00:54:00,2026-05-19 02:04:00,,85.58288,84.71,1449.3486650335744,1506.8220557417476,0,0,布林带中轨止盈,1,0,False
2026-05-19 04:19:00,2026-05-19 05:22:00,,85.10297600000001,84.65,1544.4563845836599,952.1622865388431,0,0,布林带中轨止盈,1,0,False
2026-05-19 14:57:00,2026-05-20 12:58:00,,84.196836,85.12,669.5622059240645,941.4277421573425,0,0,布林带中轨止盈,1,0,False
2026-05-20 13:26:00,2026-05-20 13:35:00,,84.743048,84.52,2813.898727059873,532.5021951088264,0,0,布林带中轨止盈,1,0,False
2026-05-20 15:27:00,2026-05-20 16:07:00,,85.77284200000001,86.30282241940931,1455.157008408491,-821.438384378327,0,0,止损,1,0,False
2026-05-20 16:17:00,2026-05-20 16:45:00,,86.08278,86.51317440525278,875.6822127777074,-60.30492741796527,0,0,止损,1,0,False
2026-05-20 18:13:00,2026-05-21 00:15:00,,86.362724,86.362724,1506.036736211529,275.250809392018,0,0,保本止损,1,0,False
2026-05-21 02:06:00,2026-05-21 02:18:00,,86.452706,86.62591731043851,4435.463830339572,-921.9629516558764,0,0,止损,1,0,False
2026-05-21 10:26:00,2026-05-21 10:27:00,,85.75284599999999,86.0,793.5345994040612,-223.42284060061817,0,0,布林带中轨止盈,1,0,False
2026-05-21 12:04:00,2026-05-21 12:12:00,,85.72714199999999,85.53190907096182,3799.3218903107363,-871.7380427855502,0,0,止损,1,0,False
2026-05-21 13:02:00,2026-05-21 13:38:00,,85.937184,85.66907966303496,2691.908487049387,-813.9576691399886,0,0,止损,1,0,False
2026-05-21 13:51:00,2026-05-21 15:22:00,,85.747146,86.7,725.4887706128012,992.8920265675323,0,0,布林带中轨止盈,1,0,False
2026-05-21 20:38:00,2026-05-22 01:35:00,,87.58247999999999,86.68,1459.3772718317398,1579.96889104357,0,0,布林带中轨止盈,1,0,False
2026-05-22 01:35:00,2026-05-22 01:36:00,,86.662664,86.68,2894.5268769037225,-150.5385538140095,0,0,布林带中轨止盈,1,0,False
2026-05-22 15:00:00,2026-05-22 15:23:00,,86.727342,86.48563868895783,3143.4708692382183,-868.5333515899297,0,0,止损,1,0,False
2026-05-22 15:30:00,2026-05-22 17:30:00,,86.91738000000001,86.9,1073.9880697943318,-55.99773795907951,0,0,布林带中轨止盈,1,0,False
2026-05-23 04:31:00,2026-05-23 04:38:00,,84.626922,84.46246458094662,4489.726975529448,-890.05427290941,0,0,止损,1,0,False
2026-05-23 10:02:00,2026-05-23 14:41:00,,82.136424,83.84,2289.7353827059637,4107.342007892987,0,0,布林带中轨止盈,1,0,False
2026-05-23 21:47:00,2026-05-24 07:03:00,,86.08278,86.64187692156531,717.5265468052428,-49.41334389823635,0,0,止损,1,0,False
2026-05-24 07:47:00,2026-05-24 08:23:00,,86.13277000000001,86.27752724606123,5580.996245176596,-1000.4954689711171,0,0,止损,1,0,False
2026-05-24 16:05:00,2026-05-24 20:14:00,,85.56711,85.07478500941417,1592.5132768290848,-838.2271738830348,0,0,止损,1,0,False
2026-05-24 23:31:00,2026-05-25 01:58:00,,85.307058,84.97776765125893,1163.3796881754618,-79.39559882816485,0,0,止损,1,0,False
2026-05-25 23:31:00,2026-05-25 23:48:00,,85.157028,84.99488822031589,4748.176896383855,-931.2966617042364,0,0,止损,1,0,False
2026-05-26 08:39:00,2026-05-26 09:48:00,,84.586914,84.31604472826481,2761.508135610038,-841.1434749752896,0,0,止损,1,0,False
2026-05-26 15:22:00,2026-05-26 15:23:00,,84.78304,84.91,1191.8029565645666,-191.78969898219256,0,0,布林带中轨止盈,1,0,False
2026-05-26 17:02:00,2026-05-26 17:19:00,,84.33686399999999,83.9650015368855,1948.7634514211861,-790.1231475504317,0,0,止损,1,0,False
2026-05-27 00:01:00,2026-05-27 02:18:00,,83.886774,83.65164913670934,1504.6360547202662,-100.97525173965649,0,0,止损,1,0,False
2026-05-27 05:26:00,2026-05-27 07:02:00,,83.826762,84.08,2491.638161152113,547.1786900179611,0,0,布林带中轨止盈,1,0,False
2026-05-27 16:16:00,2026-05-27 16:35:00,,84.253146,83.89,1599.3667842587104,527.135298423829,0,0,布林带中轨止盈,1,0,False
2026-05-27 18:18:00,2026-05-27 21:40:00,,83.536704,83.14452316871646,928.5461297419304,-62.054146552477775,0,0,止损,1,0,False
2026-05-28 00:18:00,2026-05-28 01:17:00,,82.676532,82.32144147679111,2062.836030498866,-800.4197795883564,0,0,止损,1,0,False
2026-05-28 06:05:00,2026-05-28 06:34:00,,80.86617,80.60973982591298,2788.754277009788,-805.041047422792,0,0,止损,1,0,False
2026-05-28 19:35:00,2026-05-29 02:53:00,,82.413514,81.62,920.0874710232277,1018.4795586028804,0,0,布林带中轨止盈,1,0,False
2026-05-29 10:02:00,2026-05-29 11:29:00,,82.343528,82.04,2035.0109508039898,845.3886758123016,0,0,布林带中轨止盈,1,0,False
2026-05-29 13:37:00,2026-05-29 14:19:00,,81.56631,81.05233598219085,1445.319870805125,-789.7154817252011,0,0,止损,1,0,False
2026-05-29 14:34:00,2026-05-29 15:29:00,,81.006198,82.63,497.3204071593104,1137.912517709511,0,0,布林带中轨止盈,1,0,False
2026-05-29 15:42:00,2026-05-31 02:15:00,,82.593478,83.32461632938757,516.4338136497229,-34.1232518609076,0,0,止损,1,0,False
2026-05-31 03:37:00,2026-05-31 06:27:00,,83.203356,82.88,2754.1948044887777,1088.2760825998375,0,0,布林带中轨止盈,1,0,False
2026-05-31 11:29:00,2026-05-31 12:02:00,,82.856568,82.653358022292,3862.490483310133,-912.5957285207024,0,0,止损,1,0,False
2026-05-31 12:42:00,2026-05-31 12:45:00,,82.906578,82.93,3745.6619932834537,-36.520204434473555,0,0,布林带中轨止盈,1,0,False
2026-05-31 13:10:00,2026-05-31 13:11:00,,82.936584,82.94,3697.7621755434184,-110.04540234416689,0,0,布林带中轨止盈,1,0,False
2026-05-31 20:48:00,2026-05-31 22:00:00,,81.876372,82.42,2503.7313512592546,1574.5133121657843,0,0,布林带中轨止盈,1,0,False
2026-06-01 06:49:00,2026-06-01 07:32:00,,81.486294,81.0854451721378,1971.6780588901438,-854.2945960842399,0,0,止损,1,0,False
2026-06-01 11:19:00,2026-06-01 11:47:00,,81.21624,81.03542216294385,4269.344449477506,-910.3608809311894,0,0,止损,1,0,False
2026-06-01 14:02:00,2026-06-01 16:12:00,,80.11601999999999,79.16563704963309,790.1998770769787,-776.0151612221179,0,0,止损,1,0,False
2026-06-01 17:30:00,2026-06-01 19:39:00,,80.96619,81.29,1319.5206695872628,384.3684539267638,0,0,布林带中轨止盈,1,0,False
2026-06-02 04:19:00,2026-06-02 04:20:00,,80.77615200000001,80.81,2150.20784927589,3.276916762279015,0,0,布林带中轨止盈,1,0,False
2026-06-02 06:51:00,2026-06-02 07:02:00,,79.76595,79.28164326802582,1528.9369481923309,-788.9611102559688,0,0,止损,1,0,False
2026-06-02 08:27:00,2026-06-02 08:48:00,,79.795956,79.45518812066071,2123.7904790392495,-791.2180465195655,0,0,止损,1,0,False
2026-06-02 10:53:00,2026-06-02 11:12:00,,79.41588,79.18322924887164,3036.9102795203617,-802.7284027884588,0,0,止损,1,0,False
2026-06-02 12:41:00,2026-06-02 14:08:00,,79.045806,78.73626797183653,2224.461603153362,-758.6137803170278,0,0,止损,1,0,False
2026-06-02 22:23:00,2026-06-02 22:47:00,,75.41508,74.54522111615854,772.51209404086,-695.011341822484,0,0,止损,1,0,False
2026-06-03 00:10:00,2026-06-03 03:26:00,,74.684934,73.92395814019811,864.1669772812219,-683.1632659308483,0,0,止损,1,0,False
2026-06-03 06:13:00,2026-06-03 10:08:00,,74.91498,75.49,1119.748599209866,898.0981577262631,0,0,布林带中轨止盈,1,0,False
2026-06-03 21:30:00,2026-06-03 22:37:00,,71.954388,71.954388,877.7958069297999,282.2433568234563,0,0,保本止损,1,0,False
2026-06-04 00:44:00,2026-06-04 01:11:00,,71.234244,70.21549896987284,664.146060471106,-695.2488371934157,0,0,止损,1,0,False
2026-06-04 03:05:00,2026-06-04 05:11:00,,70.854168,69.9123651573162,351.61926259007083,-19.930952242874376,0,0,止损,1,0,False
2026-06-04 11:49:00,2026-06-04 13:38:00,,68.61371999999999,70.46,443.37413042112996,1127.7625092830733,0,0,布林带中轨止盈,1,0,False
2026-06-04 14:11:00,2026-06-04 14:12:00,,70.61412,70.59,1083.1559813716124,-56.709714560688205,0,0,布林带中轨止盈,1,0,False
2026-06-04 22:41:00,2026-06-05 02:43:00,,68.073612,67.52132387581207,628.9214569610868,-34.250364191714986,0,0,止损,1,0,False
2026-06-05 04:07:00,2026-06-05 05:47:00,,67.63352400000001,66.43053239124198,581.8189573524012,-715.3835407481774,0,0,止损,1,0,False
2026-06-05 06:06:00,2026-06-05 06:16:00,,66.423282,65.5553511150317,789.5799778919271,-706.0053260386347,0,0,止损,1,0,False
2026-06-05 08:22:00,2026-06-05 08:45:00,,65.873172,65.3471881404646,1275.250482188628,-704.0947837702753,0,0,止损,1,0,False
2026-06-05 09:51:00,2026-06-05 11:04:00,,66.533304,66.03096177372862,1305.8970601275007,-690.4990920087814,0,0,止损,1,0,False
2026-06-05 14:08:00,2026-06-05 15:48:00,,65.073012,63.79407828201688,501.5914119993799,-654.3015941778413,0,0,止损,1,0,False
2026-06-05 16:14:00,2026-06-05 18:52:00,,64.58291399999999,63.026778573557856,403.6634642382111,-638.3316601729479,0,0,止损,1,0,False
2026-06-05 21:37:00,2026-06-05 22:01:00,,65.183034,64.68196820244796,1227.7426013930121,-646.9449489172489,0,0,止损,1,0,False
2026-06-06 01:28:00,2026-06-06 01:51:00,,64.47289199999999,63.78802497137359,878.4197190541139,-624.013766465176,0,0,止损,1,0,False
2026-06-06 07:41:00,2026-06-06 08:03:00,,62.96259,62.55406143985546,1440.9454096928573,-624.7221485444679,0,0,止损,1,0,False
2026-06-07 08:05:00,2026-06-07 08:36:00,,64.63707000000001,65.00859778144132,1548.866959625651,-615.722972935581,0,0,止损,1,0,False
2026-06-07 10:02:00,2026-06-07 11:49:00,,64.627072,65.23364495760971,927.0636367272112,-586.5220280745914,0,0,止损,1,0,False
2026-06-08 03:04:00,2026-06-08 03:10:00,,66.316734,66.5628878298265,2234.870709024159,-609.6257635209314,0,0,止损,1,0,False
2026-06-08 15:56:00,2026-06-08 16:18:00,,67.206556,67.61684948125452,1308.1947894251487,-572.1261983797474,0,0,止损,1,0,False
2026-06-08 18:11:00,2026-06-08 19:03:00,,67.396518,67.64304413152763,2127.9606870189796,-582.1746116785408,0,0,止损,1,0,False
2026-06-08 21:18:00,2026-06-08 23:26:00,,67.726452,66.74,514.2247717986239,735.6055671970237,0,0,布林带中轨止盈,1,0,False
2026-06-08 23:49:00,2026-06-08 23:50:00,,66.656666,66.71,1618.2184688046939,-129.48660543680177,0,0,布林带中轨止盈,1,0,False
2026-06-09 02:28:00,2026-06-09 02:38:00,,65.883174,65.55905564364637,1627.0316524842565,-570.0174883941912,0,0,止损,1,0,False
2026-06-09 18:08:00,2026-06-10 00:43:00,,65.043006,64.607111474877,590.8458278405378,-30.74431098024565,0,0,止损,1,0,False
2026-06-10 12:13:00,2026-06-10 12:19:00,,63.602718,63.342100548229354,1990.2910295571382,-569.1322622109421,0,0,止损,1,0,False
2026-06-10 23:20:00,2026-06-11 01:14:00,,63.022602,64.16,415.50950366238254,704.5147985725285,0,0,布林带中轨止盈,1,0,False
2026-06-11 01:40:00,2026-06-11 01:41:00,,64.622922,64.93,984.9416222148765,276.8729996543392,0,0,布林带中轨止盈,1,0,False
2026-06-11 20:26:00,2026-06-11 21:05:00,,66.756646,66.756646,1390.4236838223455,190.7801430581028,0,0,保本止损,1,0,False
2026-06-11 23:00:00,2026-06-11 23:40:00,,66.756646,67.06460868416904,1742.9027922797543,-583.503859651705,0,0,止损,1,0,False
2026-06-12 14:13:00,2026-06-12 14:14:00,,66.726652,66.95,1262.735907680754,-315.84560711637346,0,0,布林带中轨止盈,1,0,False
2026-06-12 17:55:00,2026-06-12 19:48:00,,67.28654,66.81,1015.3191221737444,688.0618758755598,0,0,布林带中轨止盈,1,0,False
2026-06-12 22:33:00,2026-06-12 22:34:00,,66.53669,66.53,2415.4770904329553,-48.12113459562498,0,0,布林带中轨止盈,1,0,False
2026-06-13 13:02:00,2026-06-13 13:41:00,,67.846428,68.0868001847267,2214.0842227469757,-592.5042258171288,0,0,止损,1,0,False
2026-06-13 15:44:00,2026-06-13 21:41:00,,68.41631400000001,68.74428627952543,791.4577969501747,-43.31890012311314,0,0,止损,1,0,False
2026-06-13 22:38:00,2026-06-14 05:17:00,,69.02619200000001,68.35,1093.3159937184068,940.4077750887197,0,0,布林带中轨止盈,1,0,False
2026-06-14 06:18:00,2026-06-14 06:19:00,,68.376322,68.38,3724.6548390537864,-115.57603965581528,0,0,布林带中轨止盈,1,0,False
2026-06-14 15:52:00,2026-06-14 17:53:00,,67.543506,67.36720577073606,1531.6258352177488,-82.76110303262803,0,0,止损,1,0,False
2026-06-14 19:10:00,2026-06-14 20:35:00,,67.503498,68.0,1567.0751123278633,963.6661393007644,0,0,布林带中轨止盈,1,0,False
2026-06-15 01:04:00,2026-06-15 01:39:00,,70.74584800000001,71.22560630694525,1174.4617134288362,-596.9184622559326,0,0,止损,1,0,False
2026-06-15 01:51:00,2026-06-15 02:15:00,,71.125772,71.39266878721412,2063.9240111972426,-609.7943049759816,0,0,止损,1,0,False
2026-06-15 06:10:00,2026-06-15 06:24:00,,71.115774,71.30979101724247,2770.2952229299626,-616.5040853952231,0,0,止损,1,0,False
2026-06-15 19:18:00,2026-06-16 02:28:00,,74.985,72.86,299.7876802455005,881.2138127425635,0,0,布林带中轨止盈,1,0,False
2026-06-16 15:35:00,2026-06-16 18:02:00,,73.66473,74.15,774.9889588530875,353.0927195430551,0,0,布林带中轨止盈,1,0,False
2026-06-17 12:35:00,2026-06-17 15:33:00,,71.96439,73.24,648.7039279359374,1065.9578647814653,0,0,布林带中轨止盈,1,0,False
2026-06-17 15:33:00,2026-06-17 15:34:00,,73.25464799999999,73.21,1272.527284141603,-94.0804871711508,0,0,布林带中轨止盈,1,0,False
2026-06-17 17:42:00,2026-06-17 17:53:00,,73.615274,73.98216265074709,1568.8690990199802,-622.0275984828077,0,0,止损,1,0,False
2026-06-17 23:17:00,2026-06-18 03:36:00,,72.05440800000001,71.71703946395932,833.266462454017,-48.03241732670274,0,0,止损,1,0,False
2026-06-18 05:55:00,2026-06-18 10:23:00,,71.11421999999999,71.11421999999999,1422.5237108868764,201.6847083737047,0,0,保本止损,1,0,False
2026-06-18 12:46:00,2026-06-18 13:26:00,,71.554308,71.67,1593.252698206869,138.65122280874766,0,0,布林带中轨止盈,1,0,False
2026-06-18 14:17:00,2026-06-18 15:03:00,,71.17423199999999,70.6527809061137,550.9369474166394,-31.370011290242985,0,0,止损,1,0,False
2026-06-18 16:38:00,2026-06-18 18:03:00,,68.843766,68.4355467370767,1417.738786408646,-617.5577739968003,0,0,止损,1,0,False
2026-06-18 18:45:00,2026-06-19 03:15:00,,68.773752,68.773752,915.8368914451348,232.30659889656212,0,0,保本止损,1,0,False
2026-06-19 05:01:00,2026-06-19 07:37:00,,68.503698,68.05429397336836,1278.147619314074,-609.1980602798542,0,0,止损,1,0,False
2026-06-20 05:21:00,2026-06-20 15:19:00,,71.745648,72.54965589691764,349.20071369225025,-20.042905188730387,0,0,止损,1,0,False
2026-06-20 16:01:00,2026-06-20 21:11:00,,71.73565,72.12603703090436,725.0952535156993,-41.612143458290774,0,0,止损,1,0,False
2026-06-21 00:01:00,2026-06-21 02:48:00,,73.065384,73.32878133134219,2162.9626101933563,-633.1615442261638,0,0,止损,1,0,False
2026-06-21 03:29:00,2026-06-21 09:35:00,,73.515294,73.90273389115295,717.2609991576761,-42.183722582248265,0,0,止损,1,0,False
2026-06-21 11:17:00,2026-06-21 14:40:00,,73.52529200000001,73.99854457377232,590.8493956303171,-34.75389947339407,0,0,止损,1,0,False
2026-06-21 16:34:00,2026-06-21 16:46:00,,73.78524,74.11862847966951,1689.017439607144,-613.1740187666819,0,0,止损,1,0,False
2026-06-21 17:00:00,2026-06-21 21:10:00,,74.19515799999999,72.55,519.0571741628021,1098.4926191605086,0,0,布林带中轨止盈,1,0,False
2026-06-21 21:21:00,2026-06-21 23:36:00,,72.934584,72.35095433422912,987.5862608303279,-604.9657627117019,0,0,止损,1,0,False
2026-06-22 00:36:00,2026-06-22 01:24:00,,73.204638,74.1,746.4137012882419,906.0721878327821,0,0,布林带中轨止盈,1,0,False
2026-06-22 06:52:00,2026-06-22 06:53:00,,73.575282,73.64,2479.0918485382854,-233.46599574424243,0,0,布林带中轨止盈,1,0,False
2026-06-22 14:01:00,2026-06-22 14:29:00,,74.77504200000001,73.77,975.1879868309838,1212.2898879246143,0,0,布林带中轨止盈,1,0,False
2026-06-22 14:38:00,2026-06-22 14:39:00,,73.41531400000001,73.56,1073.5629298757985,-186.91804172066776,0,0,布林带中轨止盈,1,0,False
2026-06-22 15:38:00,2026-06-22 15:39:00,,73.515294,73.56,1775.1848626208546,-131.59445386609286,0,0,布林带中轨止盈,1,0,False
2026-06-22 20:33:00,2026-06-22 21:39:00,,72.754548,72.46159197113275,2049.041170953609,-659.66967853275,0,0,止损,1,0,False
2026-06-22 23:23:00,2026-06-22 23:49:00,,72.154428,71.88440957667831,2169.8258479407664,-648.283614328984,0,0,止损,1,0,False
2026-06-23 02:15:00,2026-06-23 04:53:00,,71.904378,71.49981820651566,1413.078587938863,-612.0887265733465,0,0,止损,1,0,False
2026-06-23 06:32:00,2026-06-23 08:13:00,,70.094016,69.59378813218521,1116.731375497072,-589.7071815855362,0,0,止损,1,0,False
2026-06-23 09:50:00,2026-06-23 10:42:00,,69.00379799999999,68.71740744738322,1907.1851245412665,-598.6225286721244,0,0,止损,1,0,False
2026-06-23 11:59:00,2026-06-23 12:26:00,,69.34386599999999,69.0601653447886,1879.3559946221067,-585.0899813418752,0,0,止损,1,0,False
2026-06-24 02:51:00,2026-06-24 03:17:00,,69.51609400000001,69.23,1573.3052940234943,406.54523458626784,0,0,布林带中轨止盈,1,0,False
2026-06-24 09:02:00,2026-06-24 09:03:00,,69.296138,69.36,2058.264309334166,-188.5493603208662,0,0,布林带中轨止盈,1,0,False
2026-06-24 11:07:00,2026-06-24 11:08:00,,68.906216,68.89,1714.4728959305721,-19.442122639852673,0,0,布林带中轨止盈,1,0,False
2026-06-24 12:49:00,2026-06-24 12:58:00,,69.606076,69.49,2178.913395915385,192.35447459142486,0,0,布林带中轨止盈,1,0,False
2026-06-24 13:51:00,2026-06-24 15:07:00,,69.243846,68.53245466895127,736.6886108001164,-544.2687229354517,0,0,止损,1,0,False
2026-06-24 19:24:00,2026-06-24 22:00:00,,65.873172,68.24,657.9508445112531,1778.248189278889,0,0,布林带中轨止盈,1,0,False
2026-06-24 23:04:00,2026-06-25 00:07:00,,67.91358000000001,68.18,1485.0607390989337,590.9119795428462,0,0,布林带中轨止盈,1,0,False
2026-06-25 13:13:00,2026-06-25 13:14:00,,68.423682,68.36,1592.9398678715247,-144.99894441287344,0,0,布林带中轨止盈,1,0,False
2026-06-25 14:33:00,2026-06-25 15:15:00,,66.92338199999999,65.39915877634458,369.74821504634076,-573.2513051680022,0,0,止损,1,0,False
2026-06-25 17:59:00,2026-06-25 18:05:00,,67.14342599999999,66.6329995872361,1081.2838402670857,-580.7355060399736,0,0,止损,1,0,False
2026-06-26 09:33:00,2026-06-26 09:35:00,,69.596078,69.89750044709096,1790.5777026331307,-589.7830751423219,0,0,止损,1,0,False
2026-06-26 17:17:00,2026-06-26 18:06:00,,72.255546,72.9475292297708,761.4746877929489,-549.1467926658778,0,0,止损,1,0,False
2026-06-26 18:17:00,2026-06-26 19:09:00,,72.73545,73.15758635126625,1221.1803373326868,-551.2400542312581,0,0,止损,1,0,False
2026-06-27 01:03:00,2026-06-27 02:15:00,,71.615674,71.94004850977898,1553.0481303460074,-548.4597690781882,0,0,止损,1,0,False
2026-06-27 16:15:00,2026-06-27 17:05:00,,72.695458,72.11,709.2487738391264,620.2076381984475,0,0,布林带中轨止盈,1,0,False
2026-06-27 18:22:00,2026-06-27 18:23:00,,71.815634,71.89,1364.2283937059547,-140.68196041574234,0,0,布林带中轨止盈,1,0,False
2026-06-27 19:02:00,2026-06-27 19:17:00,,72.0144,71.8591597153961,3249.1606896559974,-597.7934129615645,0,0,止损,1,0,False
2026-06-27 21:00:00,2026-06-27 21:40:00,,71.384274,71.17994470049608,1200.4467109152038,-68.55441354749576,0,0,止损,1,0,False
2026-06-28 01:42:00,2026-06-28 02:21:00,,70.89417599999999,70.71727254122743,2781.4544736551143,-570.727666437786,0,0,止损,1,0,False
2026-06-28 13:01:00,2026-06-28 13:42:00,,71.565684,71.97870956469708,1159.8721557263773,-512.4512925069891,0,0,止损,1,0,False
2026-06-28 14:25:00,2026-06-28 19:43:00,,71.775642,70.81,493.3654540431895,682.44118547088,0,0,布林带中轨止盈,1,0,False
2026-06-28 21:13:00,2026-06-28 21:14:00,,70.75584599999999,70.81,2321.892561507305,-191.50505468802538,0,0,布林带中轨止盈,1,0,False
2026-06-28 22:00:00,2026-06-28 22:02:00,,70.81416,71.12,820.5136966539782,227.60393534224315,0,0,布林带中轨止盈,1,0,False
2026-06-28 23:01:00,2026-06-28 23:31:00,,70.624122,71.2,506.5819082306671,277.30192340165223,0,0,布林带中轨止盈,1,0,False
2026-06-29 01:36:00,2026-06-29 01:37:00,,71.34426599999999,71.35,1051.50185263078,-23.980551251093466,0,0,布林带中轨止盈,1,0,False
2026-06-29 07:01:00,2026-06-29 07:15:00,,72.105576,72.51284530980578,1200.0632561850846,-523.5569345728735,0,0,止损,1,0,False
2026-06-29 11:02:00,2026-06-29 11:31:00,,73.08538,73.08538,895.1547393389659,186.55011036222777,0,0,保本止损,1,0,False
2026-06-29 12:23:00,2026-06-29 12:35:00,,73.73525000000001,74.23412729514985,971.2291432995129,-513.3635071225385,0,0,止损,1,0,False
2026-06-29 13:22:00,2026-06-29 14:04:00,,73.945208,73.945208,499.545815440226,207.3855150388428,0,0,保本止损,1,0,False
2026-06-29 14:10:00,2026-06-29 15:30:00,,72.89541799999999,74.15363663188182,382.8300451848371,-493.0391917206868,0,0,止损,1,0,False
2026-06-29 15:41:00,2026-06-29 17:05:00,,73.915214,74.5198932249117,389.9587086697506,-23.059105121990633,0,0,止损,1,0,False
2026-06-29 18:17:00,2026-06-29 19:20:00,,75.354926,75.90680553481891,860.9936755588418,-501.30690094837763,0,0,止损,1,0,False
2026-06-29 19:33:00,2026-06-30 01:11:00,,75.764844,74.1,470.2116803919144,987.0445438072766,0,0,布林带中轨止盈,1,0,False
2026-06-30 01:37:00,2026-06-30 02:03:00,,74.38512,74.24,1504.646577840561,173.67232660067745,0,0,布林带中轨止盈,1,0,False
2026-06-30 13:06:00,2026-06-30 15:46:00,,72.404478,73.93,428.27337036931567,873.5396398145832,0,0,布林带中轨止盈,1,0,False
2026-06-30 15:46:00,2026-06-30 16:14:00,,73.94478600000001,72.98684534850581,534.8593721218485,-527.9786146986838,0,0,止损,1,0,False
2026-07-01 05:21:00,2026-07-01 08:57:00,,75.27494200000001,75.27494200000001,617.3022012724246,213.67016889457392,0,0,保本止损,1,0,False
2026-07-01 10:25:00,2026-07-01 12:34:00,,75.194958,74.43,693.9862954019998,744.2685480914889,0,0,布林带中轨止盈,1,0,False
2026-07-01 15:34:00,2026-07-01 16:27:00,,77.254546,77.79055387463792,985.7956733193985,-559.0684802570805,0,0,止损,1,0,False
2026-07-01 18:47:00,2026-07-01 20:49:00,,77.444508,77.444508,675.1591816185638,216.57523245985192,0,0,保本止损,1,0,False
2026-07-01 22:29:00,2026-07-02 09:31:00,,78.214354,79.02976822955068,321.8292665330228,-20.13733454413937,0,0,止损,1,0,False
2026-07-02 13:29:00,2026-07-02 13:36:00,,80.93381000000001,81.74762730691236,650.1361402298015,-550.3508775243146,0,0,止损,1,0,False
2026-07-02 14:20:00,2026-07-02 16:56:00,,80.893818,80.61,400.0997782882045,346.6440356101247,0,0,回测结束平仓,1,0,False
